,x,y,color,cluster
0,0.07571434952477807,0.5880154045014867,0.0,0
1,0.02695247990323213,0.4550692676510871,0.0,0
2,0.7517356923519463,0.938919067431041,0.0,1
3,0.6917496956898073,0.09314660370979871,0.0,0
4,0.888949593635078,0.7473384226226876,0.0,1
5,0.04361238288039493,0.5057439821345089,0.0,0
6,0.8822129420133051,0.7369324001043547,0.0,1
7,0.050684033703041864,0.6436535324842567,0.0,0
8,0.3166230917970816,0.07572017052489716,0.0,0
9,0.9838720418875051,0.41119696320428994,0.0,1
10,0.08458356087879104,0.5444205463703866,0.0,0
11,0.9971945429524991,0.44924347385242686,0.0,1
12,0.993534576570857,0.3525293390963034,0.0,1
13,0.15214923997755658,0.8076177745582795,0.0,0
14,0.9754696761011037,0.5619738464677206,0.0,1
15,0.6813249975068771,0.07228616572106134,0.0,0
16,0.038898477583492186,0.4857254676673572,0.0,0
17,0.42602939009741947,0.9866508951103923,0.0,1
18,0.7121116919595409,0.13645025471732936,0.0,1
19,0.749553283309943,0.9049908612837099,0.0,1
20,0.10016288253254446,0.7869876298677194,0.0,0
21,0.9239598480223117,0.45066484074852925,0.0,1
22,0.17480837754269007,0.18342728722292817,0.0,0
23,0.11486986064787752,0.22114754511784857,0.0,0
24,0.1951980985165085,0.22461807642596537,0.0,0
25,0.0816097820961792,0.4253596134261762,0.0,0
26,0.10001050618542973,0.6751196493204044,0.0,0
27,0.9883474718707699,0.41489011690946415,0.0,1
28,0.44223009241110955,0.011228020698178909,0.0,0
29,0.8259699614151095,0.22653408302994843,0.0,1
30,0.7256276708730216,0.9373324720816258,0.0,1
31,0.24091809668781972,0.9035419060299639,0.0,0
32,0.9387555936209397,0.41749506298703326,0.0,1
33,0.22695505921579584,0.9299550124477636,0.0,0
34,0.910909457362876,0.712841154064559,0.0,1
35,0.8028748926031692,0.1350519037715337,0.0,1
36,0.13574667506145843,0.2810250318902842,0.0,0
37,0.9035902186934524,0.20485229723669668,0.0,1
38,0.5770772387742451,0.044766680812205306,0.0,0
39,0.9647681318682648,0.5834566045877361,0.0,1
40,0.9949459106287726,0.4974380243863608,0.0,1
41,0.501827456647602,0.9325383982686555,0.0,1
42,0.7891251293120656,0.1123567654296958,0.0,1
43,0.8440554267887412,0.7919254195601069,0.0,1
44,0.4853078180060657,0.06349588687871194,0.0,0
45,0.6233399914849023,0.05818800146743991,0.0,0
46,0.784767752024738,0.8350286677318723,0.0,1
47,0.2578310164647766,0.14769615192421687,0.0,0
48,0.6510155405115199,0.07312464300156035,0.0,0
49,0.14556209194530445,0.7543919310007892,0.0,0
50,0.8320428928587915,0.8533263754761138,0.0,1
51,0.48373208594459105,0.9571538885820405,0.0,1
52,0.5189397590855476,0.9378517349478082,0.0,1
53,0.5394147410386905,0.9711996883828087,0.0,1
54,0.10814516208103986,0.37853297469591823,0.0,0
55,0.013412715798598152,0.4855766663098406,0.0,0
56,0.08516298121408172,0.3250157447749544,0.0,0
57,0.745045136420482,0.09562906754037354,0.0,1
58,0.9778710497926875,0.37828376384897383,0.0,1
59,0.0,0.5957013763886596,0.0,0
60,0.15416551037346604,0.8181827690379937,0.0,0
61,0.13149343252512202,0.32396522383495613,0.0,0
62,0.035854005028223446,0.30120502377384434,0.0,0
63,0.4075431560672287,0.038130263131960496,0.0,0
64,0.826849673826094,0.2052602271312332,0.0,1
65,0.08067308203326196,0.38329253630828114,0.0,0
66,0.15851415693336857,0.7962503493455331,0.0,0
67,0.048867243473340816,0.37441183469355627,0.0,0
68,0.29736264192773243,0.08054933909884904,0.0,0
69,0.880508792878876,0.25448358144416533,0.0,1
70,0.9506790246515837,0.5361755795753262,0.0,1
71,0.9080739326514757,0.654388483671102,0.0,1
72,0.5119019395197244,0.9378469177673394,0.0,1
73,0.03954614932454059,0.6223903183913337,0.0,0
74,0.8651287367744118,0.17174779875248675,0.0,1
75,0.827735224548829,0.8230757113466776,0.0,1
76,0.21056055393287343,0.8727802671148552,0.0,0
77,0.3856816745229532,0.9287784571577662,0.0,1
78,0.9217004250472283,0.6261584139531029,0.0,1
79,0.0844152014521331,0.3525105151984151,0.0,0
80,0.8145587862930297,0.8274695485972621,0.0,1
81,0.9479836055400297,0.5337888086310647,0.0,1
82,0.8448866041555663,0.2258121958743719,0.0,1
83,0.6050306862462178,0.992926936427247,0.0,1
84,0.167454507480701,0.22762484254357113,0.0,0
85,0.08125284553438683,0.6407923293945099,0.0,0
86,0.14542838872616493,0.20465478765502038,0.0,0
87,0.46411391811770586,0.9281250539615267,0.0,1
88,0.1516164523692778,0.7391761916797055,0.0,0
89,0.274147631584313,0.9048413092709313,0.0,0
90,0.10794963856670803,0.46820813468196704,0.0,0
91,0.3950639984564541,0.04091238713332951,0.0,0
92,0.6687819101969257,0.9352965037850849,0.0,1
93,0.2961635603266708,0.07442037459755596,0.0,0
94,0.6166171539564187,0.029031376807942377,0.0,0
95,0.9399258049101291,0.3124266342041561,0.0,1
96,0.6473895325153112,0.9102078181716571,0.0,1
97,0.39930357020099505,0.08452809300796377,0.0,0
98,0.037948772343296966,0.4984699666040073,0.0,0
99,0.94710540161557,0.6503944532961079,0.0,1
100,0.1376946464014881,0.2839704191185289,0.0,0
101,0.9860588698218897,0.5098371269566966,0.0,1
102,0.06308003008824348,0.5959101373161204,0.0,0
103,0.8393879314036907,0.16423148599395737,0.0,1
104,0.9249622661171937,0.5092327893842432,0.0,1
105,0.9324719513696478,0.25543173278661174,0.0,1
106,0.4709581104654572,0.9730775761689343,0.0,1
107,0.38256764977384283,0.039476566466140006,0.0,0
108,0.8147717973110773,0.854459540553056,0.0,1
109,0.909750209502411,0.6300221418811898,0.0,1
110,0.11594433718118302,0.25996108060985484,0.0,0
111,0.6596163735744702,0.043673106149466456,0.0,0
112,0.12400476954980366,0.2856452916309928,0.0,0
113,0.8684493793240806,0.7752604722985648,0.0,1
114,0.04737299663999206,0.6768002582083594,0.0,0
115,0.7953886572900963,0.10527805797861117,0.0,1
116,0.6233018489590827,0.9710901222361004,0.0,1
117,0.37472415210744514,0.9297387950896054,0.0,1
118,0.09743244240880866,0.444703978824655,0.0,0
119,0.2273964232188468,0.917937983337745,0.0,0
120,0.2072479050618341,0.173127529670897,0.0,0
121,0.8294728846918751,0.7846454217588086,0.0,1
122,0.9224749993525274,0.3025763409021344,0.0,1
123,0.9225657992125245,0.5567214927287025,0.0,1
124,0.504641187682169,0.07680123198982841,0.0,0
125,0.8948663692088015,0.7668063170474424,0.0,1
126,0.8238816690285768,0.8069614348182925,0.0,1
127,0.06206643504257059,0.3677590609214761,0.0,0
128,0.9598448776996629,0.4795427185317059,0.0,1
129,0.724976425598364,0.881976940087823,0.0,1
130,0.9553323030653182,0.40857273637763153,0.0,1
131,0.8445172661647649,0.7665341612235743,0.0,1
132,0.5125935466371003,0.07523802415600617,0.0,0
133,0.8973674249382315,0.701747535324766,0.0,1
134,0.9286155750515943,0.6664989959919523,0.0,1
135,0.04082733487696988,0.6733356806019555,0.0,0
136,0.9423843613229763,0.5648818418057908,0.0,1
137,0.058621298815949796,0.45644169956121877,0.0,0
138,0.8664216472802231,0.22663363234802564,0.0,1
139,0.3473122965042934,0.9181519178414137,0.0,1
140,0.8294543730301422,0.7885110118111343,0.0,1
141,0.743845664963009,0.8142521461169865,0.0,1
142,0.2659377907098006,0.08245861177609964,0.0,0
143,0.15444048144533906,0.24969747664022318,0.0,0
144,0.7217621920133874,0.8632014533179255,0.0,1
145,0.1574523134188508,0.75625891788652,0.0,0
146,0.6838209152968775,0.9374038872737454,0.0,1
147,0.7685954192889626,0.0941054911888653,0.0,1
148,0.032231659619349706,0.5006901340918486,0.0,0
149,0.7847409716626677,0.8867989429958036,0.0,1
150,0.6436819946175745,0.9893126533020156,0.0,1
151,0.06353248317429916,0.5416999735931145,0.0,0
152,0.4244728327115088,0.05956664986114962,0.0,0
153,0.07680771203744197,0.35679278124380026,0.0,0
154,0.07912256060395584,0.2770252489714938,0.0,0
155,0.16416626923261424,0.20241251182250358,0.0,0
156,0.20540071706529295,0.8298059645710119,0.0,0
157,0.9656907615836448,0.515894967270699,0.0,1
158,0.9842557918900512,0.358386091395651,0.0,1
159,0.8406511823655238,0.24392368832208594,0.0,1
160,0.647165058447972,0.9300557651057553,0.0,1
161,0.5245080371059485,0.9714360125828041,0.0,1
162,0.8862004745891092,0.7394420823652039,0.0,1
163,0.9654611798165853,0.3974196915542931,0.0,1
164,0.10450893013300533,0.5238473711893463,0.0,0
165,0.42030500592197706,0.05146869519592562,0.0,0
166,0.23724522205802323,0.18456024674701338,0.0,0
167,0.30472287704231027,0.08794780914491679,0.0,0
168,0.10548402565932924,0.42483458464941243,0.0,0
169,0.38566774935099546,0.03636369584319349,0.0,0
170,0.03811197389933807,0.38765679926376545,0.0,0
171,0.08335103155032941,0.5750877870066777,0.0,0
172,0.8402774768335248,0.2040317765806799,0.0,1
173,0.9172093084970372,0.49407849451558755,0.0,1
174,0.8918822636949779,0.7446930648496768,0.0,1
175,0.11667003517806829,0.6926730283841775,0.0,0
176,0.7739315248984053,0.1263091959922688,0.0,1
177,0.7840735146646036,0.14695066344353874,0.0,1
178,0.8062422764960815,0.15760753581663384,0.0,1
179,0.2924329499111915,0.9565239495162341,0.0,1
180,0.19848272945797585,0.14108772177579704,0.0,0
181,0.059863864576751524,0.44605094830594755,0.0,0
182,0.5221685369572764,0.9386360559054272,0.0,1
183,0.021323367553882866,0.4349384449761335,0.0,0
184,0.20560668370857194,0.8437508391320854,0.0,0
185,0.15921742452684629,0.23684333339117664,0.0,0
186,0.03473309447912554,0.4199105478909572,0.0,0
187,0.16686254236968656,0.8219228677349781,0.0,0
188,0.7796996002599135,0.8869284140947233,0.0,1
189,0.9451560865005313,0.6918269509498494,0.0,1
190,0.5398948026480819,0.9368145584609011,0.0,1
191,0.9095139677963846,0.7307349747477192,0.0,1
192,0.40815947755396653,0.9588505704260337,0.0,1
193,0.2629501345072227,0.13589022667407286,0.0,0
194,0.29955673571789077,0.13650526258263546,0.0,0
195,0.16275393329905707,0.8157590319840167,0.0,0
196,0.44163537310220335,0.03990256057785441,0.0,0
197,0.5503504647706261,0.943412816694859,0.0,1
198,0.8854561450223757,0.7698598102873744,0.0,1
199,0.9242039517354621,0.5485220832266078,0.0,1
200,0.08279258473581552,0.6893296804158802,0.0,0
201,0.9756202679712704,0.5037475020235829,0.0,1
202,0.9009337579354548,0.6562379334684936,0.0,1
203,0.9342099834076285,0.6530910290849798,0.0,1
204,0.16846787294689358,0.8145344482855366,0.0,0
205,0.16126941878111611,0.766476256718281,0.0,0
206,0.813123144555727,0.14562039006116284,0.0,1
207,0.5250784989176087,0.049058914152103006,0.0,0
208,0.039309408578112714,0.5458834676626134,0.0,0
209,0.33812401020008465,0.9262612832733896,0.0,1
210,0.7429625404028961,0.11768879656250159,0.0,1
211,0.07641566392461585,0.491339384462452,0.0,0
212,0.14708060042572924,0.2689984997297206,0.0,0
213,0.46214141343668413,0.035649296297246835,0.0,0
214,0.8189464157457207,0.8848557003017934,0.0,1
215,0.9288055265775117,0.350309403328319,0.0,1
216,0.11248633792657703,0.252495638012242,0.0,0
217,0.7786993545004854,0.8501137821273081,0.0,1
218,0.4401722427825394,0.05923561866158339,0.0,0
219,0.10849389644619079,0.24126285253524954,0.0,0
220,0.8720872248255322,0.753821947894106,0.0,1
221,0.6926478602986976,0.042348786422751805,0.0,0
222,0.34279791532314086,0.9287210712669893,0.0,1
223,0.058092202469971044,0.44985841231197315,0.0,0
224,0.1496726142487621,0.7425301520242504,0.0,0
225,0.040143810646589895,0.593588165033559,0.0,0
226,0.17772052103133107,0.7959206844308842,0.0,0
227,0.6052316321345301,0.9258928063859646,0.0,1
228,0.269758890593788,0.11063946340802827,0.0,0
229,0.9248293822044695,0.38202096480160425,0.0,1
230,0.1274455459505297,0.7860833928146496,0.0,0
231,0.5630926031354562,0.959086481519223,0.0,1
232,0.8914441640999022,0.7289608178824234,0.0,1
233,0.14870463596110595,0.26183043351932717,0.0,0
234,0.09051347527893916,0.6826228877702916,0.0,0
235,0.27422601112877176,0.09667151533191415,0.0,0
236,0.15789119226808523,0.23603106587654304,0.0,0
237,0.9930741071351619,0.5436674845161038,0.0,1
238,0.38609649984723693,0.017935204948928307,0.0,0
239,0.18193192639035383,0.7347451699487322,0.0,0
240,0.22238674916022028,0.1291533964374964,0.0,0
241,0.7890583488416902,0.8702392160175092,0.0,1
242,0.11584514396055945,0.7820722909239555,0.0,0
243,0.77318829490076,0.8227505311319914,0.0,1
244,0.933401555921664,0.3142231886389755,0.0,1
245,0.9616953860813184,0.6880177910486258,0.0,1
246,0.8851423185967049,0.7175937410020969,0.0,1
247,0.1449343502389706,0.7392858098531678,0.0,0
248,0.07207605336480549,0.6148786770922796,0.0,0
249,0.13877919824994178,0.3104223588532013,0.0,0
250,0.04561171222674387,0.4205063025631081,0.0,0
251,0.970222513453878,0.43275731625614006,0.0,1
252,0.18896261364165867,0.22839971725969171,0.0,0
253,0.3742137831913557,0.008140198891412875,0.0,0
254,0.954401016121065,0.4915331289271125,0.0,1
255,0.9430501728978606,0.3494836728572422,0.0,1
256,0.931908376791241,0.27383565734708076,0.0,1
257,0.15729188199500843,0.80673009519955,0.0,0
258,0.8044768492234506,0.8567656350410524,0.0,1
259,0.24636016634222369,0.8692388006511749,0.0,0
260,0.32879375483590323,0.03192536476500213,0.0,0
261,0.2870464833740065,0.04213530552129513,0.0,0
262,0.30334858059621506,0.13634029333196812,0.0,0
263,0.05661672978415,0.3739651908451502,0.0,0
264,0.9690919612028426,0.6074675929345803,0.0,1
265,0.11817084544631129,0.32043095363935176,0.0,0
266,0.9564463546419801,0.3921794082975239,0.0,1
267,0.1489494935841733,0.25703423489784477,0.0,0
268,0.35138555010965833,0.07278624181782928,0.0,0
269,0.04320138529639306,0.43778853063055406,0.0,0
270,0.6797622268873404,0.9446809797526483,0.0,1
271,0.18032556751166995,0.21002876150183153,0.0,0
272,0.9392204772189194,0.737656792077868,0.0,1
273,0.8078182696536322,0.23198658786702825,0.0,1
274,0.08260452361790405,0.515005272386492,0.0,0
275,0.9688975860729301,0.5923583702011159,0.0,1
276,0.34358498447282315,0.06753946282745987,0.0,0
277,0.36066588086610696,0.9630646604575115,0.0,1
278,0.4302468694650712,0.050248853582313624,0.0,0
279,0.3677644798218722,0.06814481816533796,0.0,0
280,0.7183849857007383,0.08521997610878235,0.0,1
281,0.5808923050091004,0.9788494323087484,0.0,1
282,0.09146955106045573,0.3249797328085326,0.0,0
283,0.5417176055370625,0.04304888079704888,0.0,0
284,0.09805241887315908,0.27878019821092176,0.0,0
285,0.5721151664919866,0.9372919815648129,0.0,1
286,0.06037933137152085,0.6644616272696855,0.0,0
287,0.955826518136955,0.5606720151819788,0.0,1
288,0.24626670006377593,0.14536332248784317,0.0,0
289,0.5099806755423641,0.9693362589894778,0.0,1
290,0.023330351957623563,0.5182690973782937,0.0,0
291,0.8681541626039679,0.7562144524984202,0.0,1
292,0.04646655501012087,0.5450073717741828,0.0,0
293,0.8034059174587,0.20787644573915914,0.0,1
294,0.9120217718846451,0.2770398409473243,0.0,1
295,0.4473963034586774,0.9476141884303622,0.0,1
296,0.9174022305407405,0.7477849696395895,0.0,1
297,0.21250372865478107,0.13382212853722714,0.0,0
298,0.14860322971813567,0.7011310493416663,0.0,0
299,0.7224721811155574,0.9189897120244093,0.0,1
300,0.33577945921545305,0.02966639736813731,0.0,0
301,0.9638835419999949,0.49785207057568165,0.0,1
302,0.11231953039998754,0.2431509007790989,0.0,0
303,0.9875539357143304,0.5356652739678616,0.0,1
304,0.9075583482229701,0.6644153320780719,0.0,1
305,0.8827550896681653,0.6931433386000194,0.0,1
306,0.3729880298665502,0.9519707049650621,0.0,1
307,0.7447161252894068,0.1645881990386932,0.0,1
308,0.9328864615869563,0.3173010446028815,0.0,1
309,0.29107038431863086,0.8619440475320668,0.0,0
310,0.07598432523255627,0.36142121904550834,0.0,0
311,0.580575036985562,0.03431760623606933,0.0,0
312,0.4237176763134374,0.025500171666868965,0.0,0
313,0.6697638211777417,0.06216081430866621,0.0,0
314,0.7489722146651103,0.9048426799067784,0.0,1
315,0.7481049193483156,0.9307926857008479,0.0,1
316,0.15144877520680589,0.24042104495229139,0.0,0
317,0.6496986169803343,0.9782473199937209,0.0,1
318,0.9194568177037723,0.41051608600265893,0.0,1
319,0.5982516389225603,0.04258367303578031,0.0,0
320,0.06806389028282989,0.3245812115376226,0.0,0
321,0.3565927523842072,0.028203099435189782,0.0,0
322,0.9433468124747784,0.4531862849444623,0.0,1
323,0.9501752691437477,0.292294569776996,0.0,1
324,0.5170103470930376,0.9490842074303276,0.0,1
325,0.34847061133313706,0.08786386317679334,0.0,0
326,0.8223297128719342,0.8473465013042103,0.0,1
327,0.4813259629789026,0.06444575479949483,0.0,0
328,0.5423070552360751,0.9521218423416378,0.0,1
329,0.9197851918452387,0.5720124804338433,0.0,1
330,0.6169530602918478,0.04890399890838032,0.0,0
331,0.6566835010865597,0.07402262429095158,0.0,0
332,0.8478882558912495,0.7154007569223229,0.0,1
333,0.8084309662555385,0.8488516667202186,0.0,1
334,0.8267992199914345,0.23244256678006753,0.0,1
335,0.6076201149616658,0.05196683581932965,0.0,0
336,0.897596119323764,0.21646495225783008,0.0,1
337,0.6566529405590271,0.9100089046014039,0.0,1
338,0.08947098874936832,0.4620146992656495,0.0,0
339,0.12148823865041236,0.22587494959767113,0.0,0
340,0.09268522696334136,0.7218165586642895,0.0,0
341,0.39903293556170727,0.9301951165730857,0.0,1
342,0.07416979960997216,0.4032569687935807,0.0,0
343,0.8642860328321125,0.7647090158952854,0.0,1
344,0.4748891578562604,0.9838604731031453,0.0,1
345,0.18441296115161943,0.25234641448337075,0.0,0
346,0.06464377793476928,0.4036475161273266,0.0,0
347,0.24269969502425903,0.12678825141306221,0.0,0
348,0.018949643380700154,0.5989210234515754,0.0,0
349,0.16260237785949871,0.16913295477212714,0.0,0
350,0.869917763470919,0.19416481589069962,0.0,1
351,0.07159842031480856,0.35614078507800345,0.0,0
352,0.08342274455385779,0.6159455717364581,0.0,0
353,0.3693257768490741,0.9182691295896681,0.0,1
354,0.9241233893116465,0.7002536230857956,0.0,1
355,0.39653203387900815,0.02270296761116425,0.0,0
356,0.5011393389200458,0.9866218936889355,0.0,1
357,0.9040107799144284,0.6517786716589389,0.0,1
358,0.6079073666322152,0.9747175813241746,0.0,1
359,0.049688502201399753,0.5437844625540853,0.0,0
360,0.11620781098092037,0.7959804307807403,0.0,0
361,0.9167232278895832,0.3480100734762081,0.0,1
362,0.5686325643217591,0.052471106122080446,0.0,0
363,0.3024240185930407,0.1292101805944254,0.0,0
364,0.33551047822194824,0.9459261244407804,0.0,1
365,0.09938765910649461,0.5285651157582703,0.0,0
366,0.4845636744672004,0.9230748264391373,0.0,1
367,0.9249508545204075,0.6945417330687962,0.0,1
368,0.9790659037413165,0.421561152673063,0.0,1
369,0.7738715905285103,0.8890079729283853,0.0,1
370,0.9347361150693325,0.6397995202458384,0.0,1
371,0.9595363344240868,0.5144724274538688,0.0,1
372,0.970345580816949,0.44788601154636903,0.0,1
373,0.636722167048962,0.08445593921606637,0.0,0
374,0.4235324281947994,0.0598239879766847,0.0,0
375,0.9667841800878734,0.32469012350995713,0.0,1
376,0.10118553721109436,0.7460872249607322,0.0,0
377,0.9363048930291218,0.42136631359111393,0.0,1
378,0.923125307087113,0.6853915975210052,0.0,1
379,0.033862805228503934,0.5359103782481316,0.0,0
380,0.14630302065949152,0.821928935874898,0.0,0
381,0.10636174200386184,0.7209747297282383,0.0,0
382,0.31261298580577845,0.9040931098194671,0.0,0
383,0.3000221723322296,0.10072032009431325,0.0,0
384,0.8961681023046,0.708095871991566,0.0,1
385,0.8810854667167769,0.801118424229446,0.0,1
386,0.3899471797035341,0.04494033803406011,0.0,0
387,0.27809020455405253,0.9129117544253522,0.0,0
388,0.738125731023558,0.09978648662586947,0.0,1
389,0.39840760419470933,0.9461067901988178,0.0,1
390,0.919329595548336,0.32028302858361285,0.0,1
391,0.8905796774181634,0.7122037454024035,0.0,1
392,0.9641999164988146,0.6135049582403265,0.0,1
393,0.6779352884963996,0.9539942500335923,0.0,1
394,0.7849264138572913,0.8937092527768535,0.0,1
395,0.8149920106650757,0.8795664984501226,0.0,1
396,0.3382828606287924,0.8976777017259212,0.0,1
397,0.06886007971951846,0.468747619213467,0.0,0
398,0.11033663221030277,0.790196292286556,0.0,0
399,0.03440042955605782,0.4452323921727505,0.0,0
400,0.8106117764235621,0.21058302203877471,0.0,1
401,0.47576180967504667,0.9569487716820713,0.0,1
402,0.5880559752248129,0.911271228753257,0.0,1
403,0.256043793016701,0.11383249256987121,0.0,0
404,0.6194968611739544,0.9582072178354353,0.0,1
405,0.926478960832444,0.2940396051177034,0.0,1
406,0.6324992700569689,0.9805355850144724,0.0,1
407,0.9165617618959552,0.33610753735723525,0.0,1
408,0.10901927274758116,0.6527495700088466,0.0,0
409,0.05652259341709609,0.672013198971301,0.0,0
410,0.5284801286844389,0.07793604928204773,0.0,0
411,0.9560637142216268,0.43414654829677274,0.0,1
412,0.15558228466892166,0.7761010610333916,0.0,0
413,0.0625904551280021,0.3238102302108519,0.0,0
414,0.17419617281441768,0.803860718593173,0.0,0
415,0.9271632550104225,0.764875268266356,0.0,1
416,0.661936159791485,0.043843718765456396,0.0,0
417,0.9636949315673722,0.57131533734415,0.0,1
418,0.15692954099475087,0.2772608732170086,0.0,0
419,0.8739604850357645,0.7586883301687795,0.0,1
420,0.7076770916552326,0.0741890048619282,0.0,1
421,0.8032800640197482,0.16896399458919192,0.0,1
422,0.07120336522359638,0.30167516286759183,0.0,0
423,0.2566022498086922,0.14524368758669698,0.0,0
424,0.8803497682531871,0.7537027036638617,0.0,1
425,0.8048826569397707,0.1374993320565579,0.0,1
426,0.1764863550280733,0.1647739903118552,0.0,0
427,0.9420550688964549,0.6403837909408416,0.0,1
428,0.825697866211534,0.1934870072042411,0.0,1
429,0.11233814796750985,0.5319077030360602,0.0,0
430,0.624036712987774,0.03693279742749417,0.0,0
431,0.9254297526518258,0.36628318184301284,0.0,1
432,0.2134535298607263,0.19291193269283674,0.0,0
433,0.9862338820357135,0.35520464242480293,0.0,1
434,0.6561564254041456,0.0551092426135526,0.0,0
435,0.837792290516788,0.8217871514347821,0.0,1
436,0.9563931366507548,0.4513523373366947,0.0,1
437,0.06318112162691136,0.42128004061690144,0.0,0
438,0.6949728345960438,0.10547887945243967,0.0,1
439,0.7420112638656604,0.9409945930182841,0.0,1
440,0.0669494965220363,0.4607825441603545,0.0,0
441,0.9432244830661152,0.3785366122173088,0.0,1
442,0.9677872846457347,0.39906108545265423,0.0,1
443,0.0921386047381969,0.2753128868200942,0.0,0
444,0.8276965685130437,0.18069881218866762,0.0,1
445,0.7802257380308639,0.8358470783142948,0.0,1
446,0.6099808849041548,0.9725715544829363,0.0,1
447,0.9961767787072382,0.47823562952227,0.0,1
448,0.032178490363276246,0.5400140440901464,0.0,0
449,0.22681128526923833,0.12903070038022352,0.0,0
450,0.2028653954707862,0.8104351003867021,0.0,0
451,0.35272016748329627,0.09348151354804707,0.0,0
452,0.2701804167921693,0.14571626962619005,0.0,0
453,0.8698179300574156,0.2498468432149465,0.0,1
454,0.5325848749646771,0.9868168511503939,0.0,1
455,0.014132870658810415,0.40388787523497177,0.0,0
456,0.47886422925000427,0.9495379767701111,0.0,1
457,0.10590067531490122,0.6161283369966382,0.0,0
458,0.1907652773607449,0.7662970303728223,0.0,0
459,0.7691860573250142,0.9120234667407578,0.0,1
460,0.04417778293511754,0.38575380971395673,0.0,0
461,0.27687576103884903,0.9232185464071343,0.0,0
462,0.4951765447736902,0.03674849092046201,0.0,0
463,0.45504453016236424,0.9465809141763002,0.0,1
464,0.9132960903229079,0.5180977961200148,0.0,1
465,0.5105893608505239,0.014735866453697122,0.0,0
466,0.8517850212569817,0.7857261485965699,0.0,1
467,0.1578503325637992,0.20556519947827873,0.0,0
468,0.17380212730084055,0.2045205708237146,0.0,0
469,0.8389345419935192,0.19519930520243395,0.0,1
470,0.9963539018451673,0.523066345207678,0.0,1
471,0.8768963156341298,0.712445613728081,0.0,1
472,0.022825988376706796,0.66244865015864,0.0,0
473,0.8855779319579207,0.742419183060649,0.0,1
474,0.6999033527681766,0.9517665592578244,0.0,1
475,0.9148849707717692,0.5890167352128137,0.0,1
476,0.7149082045522002,0.09179786958065722,0.0,1
477,0.9432415712562296,0.46397061192893946,0.0,1
478,0.9445738647117825,0.6616376735367917,0.0,1
479,0.8392792875848558,0.7769377773537682,0.0,1
480,0.06043013249298057,0.5070861405676506,0.0,0
481,0.9275579010909942,0.41918894996171047,0.0,1
482,0.06347924474233246,0.5772053890741113,0.0,0
483,0.0724875589570182,0.2782944464305029,0.0,0
484,0.9449393727047968,0.29672509858788504,0.0,1
485,0.29300553044174915,0.06851422768816468,0.0,0
486,0.8696187066087149,0.8281736269448021,0.0,1
487,0.905098312338257,0.27197552684523124,0.0,1
488,0.6474279470795297,0.9275881126995966,0.0,1
489,0.5882353940478993,0.9895499267533099,0.0,1
490,0.09030113236811776,0.6824354209490875,0.0,0
491,0.18481342721114946,0.25250162304473517,0.0,0
492,0.048110732678463775,0.5110441157024148,0.0,0
493,0.05672850750333125,0.3484579331183037,0.0,0
494,0.022859580049737538,0.5909110504235493,0.0,0
495,0.9494511515776825,0.3672997434657384,0.0,1
496,0.7872547400095917,0.8894404237640605,0.0,1
497,0.9938382345983483,0.5441287473490886,0.0,1
498,0.06992780588653247,0.3250077373893418,0.0,0
499,0.7778077118155762,0.08258786158840076,0.0,1
500,0.6156554483457737,0.9810623908541265,0.0,1
501,0.9007956343245518,0.6438555623307485,0.0,1
502,0.5874142901017585,0.9597264454652339,0.0,1
503,0.6689253592963125,0.8901229751779871,0.0,1
504,0.0651315559336858,0.5532245113487482,0.0,0
505,0.8838481484840275,0.6664508868701646,0.0,1
506,0.08442516194423266,0.3567914153937422,0.0,0
507,0.06530258899724584,0.34183708116512496,0.0,0
508,0.09324035212466963,0.32100339138542894,0.0,0
509,0.8186709155813816,0.8940600056757155,0.0,1
510,0.40700884502782375,0.061718614586226905,0.0,0
511,0.7645737841318552,0.7824291726161923,0.0,1
512,0.598069911723307,0.9558378594223245,0.0,1
513,0.17071127274841547,0.15676817629258927,0.0,0
514,0.8267176061798658,0.17407934101961536,0.0,1
515,0.3740928453021517,0.016794743763955955,0.0,0
516,0.9510706981058326,0.708996963886225,0.0,1
517,0.37108950991771583,0.07642610386033238,0.0,0
518,0.8793525099136685,0.22460945676478755,0.0,1
519,0.13236891465581402,0.7061715854986865,0.0,0
520,0.10285383908198065,0.7557888819382343,0.0,0
521,0.061619361195187405,0.3173181375099308,0.0,0
522,0.9525569785369898,0.5685563845748731,0.0,1
523,0.9111478881095849,0.5016624248631831,0.0,1
524,0.18527791576095365,0.2192956044531011,0.0,0
525,0.19387182116804347,0.1970561101578378,0.0,0
526,0.9483447917615948,0.4645451945080435,0.0,1
527,0.5098217169131081,0.027412894045103886,0.0,0
528,0.0865462865414175,0.47269678905017515,0.0,0
529,0.6062711894650727,0.0744432105372485,0.0,0
530,0.031342843374939866,0.5871846389874207,0.0,0
531,0.7972628599759719,0.829223074700862,0.0,1
532,0.46994281591061604,0.06566790117710747,0.0,0
533,0.4294929058714967,0.04779079473710818,0.0,0
534,0.7876424993566848,0.1816619817597545,0.0,1
535,0.9662333338100433,0.6126004082361733,0.0,1
536,0.7354160149056328,0.9566703445722466,0.0,1
537,0.07252948030633832,0.7007074527240391,0.0,0
538,0.26925055962702427,0.13465898470307242,0.0,0
539,0.4300275343642006,0.9325773289370227,0.0,1
540,0.585394263685024,0.9534513921574379,0.0,1
541,0.6746195480374708,0.966746123282938,0.0,1
542,0.5253534321352753,0.07560259543481423,0.0,0
543,0.04633190067415738,0.4517117985158348,0.0,0
544,0.7200497135400052,0.09105682880576832,0.0,1
545,0.05203580626443971,0.3787433598961764,0.0,0
546,0.15240285178963475,0.22886307400497558,0.0,0
547,0.7923455755367383,0.859298519491253,0.0,1
548,0.2177352273979527,0.8295548970916184,0.0,0
549,0.46482382887189555,0.9722644712314421,0.0,1
550,0.784803971711344,0.8403314782388551,0.0,1
551,0.8843338571523292,0.2712220607225397,0.0,1
552,0.5086944987555424,0.053204091689102284,0.0,0
553,0.7129557279219203,0.9432439598432185,0.0,1
554,0.8066224453547639,0.8815102990220323,0.0,1
555,0.0656692016858722,0.5708819035035846,0.0,0
556,0.9653298982286931,0.6350939077407916,0.0,1
557,0.11537145605583232,0.35764915815800175,0.0,0
558,0.5888853068557454,0.929048875828403,0.0,1
559,0.3953992679743472,0.03968341269434,0.0,0
560,0.998848903578786,0.4720017824634682,0.0,1
561,0.7355959092780042,0.10570936376172785,0.0,1
562,0.9580273369297048,0.4712996721485872,0.0,1
563,0.7863036081516406,0.17722626826991467,0.0,1
564,0.9603520251607713,0.6263182182683587,0.0,1
565,0.2727286375094109,0.9134748631735539,0.0,0
566,0.7428009943220244,0.146515960082155,0.0,1
567,0.3443537591400825,0.9332105595539653,0.0,1
568,0.5421758459304478,0.07658650536876715,0.0,0
569,0.951788264492903,0.5579291542935201,0.0,1
570,0.20559038521076123,0.17496075232036373,0.0,0
571,0.14264610892245155,0.31049799724990396,0.0,0
572,0.9424036516279168,0.5996819222234631,0.0,1
573,0.5042907571264486,0.9360418958403627,0.0,1
574,0.7983980952995804,0.19552448580501686,0.0,1
575,0.22286159343048428,0.15017393647067306,0.0,0
576,0.16954296352355547,0.8664689200506803,0.0,0
577,0.5364882555815216,0.9436179412558809,0.0,1
578,0.6981660841055517,0.0986581031607931,0.0,1
579,0.5918784693999157,0.959669272802602,0.0,1
580,0.3374706242736023,0.06060814682252608,0.0,0
581,0.2974899881826394,0.932587259023989,0.0,0
582,0.23093725605945825,0.8712504264494081,0.0,0
583,0.9642503801680593,0.6427556085245112,0.0,1
584,0.2692567070391185,0.8742384838550932,0.0,0
585,0.7743410958875128,0.8057849067644645,0.0,1
586,0.7487313612757942,0.16393092526556535,0.0,1
587,0.06755702151652776,0.5753132348058352,0.0,0
588,0.6858101519611608,0.9023958267055818,0.0,1
589,0.6775825185376685,0.9295001419473181,0.0,1
590,0.14419225551581993,0.2888948561846621,0.0,0
591,0.4515246044830359,0.07271000240028652,0.0,0
592,0.7987348006233785,0.19342526285920397,0.0,1
593,0.01337934856289169,0.5902212821057147,0.0,0
594,0.14561892762008144,0.8409450079480059,0.0,0
595,0.2412725930430204,0.8324024121247826,0.0,0
596,0.6606658816533257,0.9223480393753831,0.0,1
597,0.6357357748959851,0.09926167363531307,0.0,0
598,0.5155142119068379,0.9418787942247266,0.0,1
599,0.14253838671927044,0.7962162075737529,0.0,0
600,0.966804943370666,0.45108489921928946,0.0,1
601,0.7727585461614654,0.16293528440109456,0.0,1
602,0.9873472369080425,0.5541919896092975,0.0,1
603,0.8285919897388181,0.8741620110463904,0.0,1
604,0.5645363225813038,0.9091709045972447,0.0,1
605,0.579375094599055,0.9824201565243305,0.0,1
606,0.8843765620080213,0.22757644295062746,0.0,1
607,0.9212234654231197,0.3941820408983689,0.0,1
608,0.042443970255233054,0.527086045253558,0.0,0
609,0.5406472303340721,0.06478184819350935,0.0,0
610,0.48937935580625425,0.08058228334692746,0.0,0
611,0.19578083692229553,0.22988598809116917,0.0,0
612,0.34786265986971965,0.04146976980305889,0.0,0
613,0.130832850246432,0.7595930649374862,0.0,0
614,0.7988213321439619,0.1767400432677984,0.0,1
615,0.1999627782606408,0.21854808711059198,0.0,0
616,0.9152492487385724,0.6750630873161736,0.0,1
617,0.28750494591479714,0.07193537357947671,0.0,0
618,0.12826017723824212,0.7116916200611736,0.0,0
619,0.7544625722732023,0.8696631646128292,0.0,1
620,0.9399465078220002,0.44512079111426545,0.0,1
621,0.8987464413312549,0.6721757711617893,0.0,1
622,0.8164710616160971,0.8324792427882539,0.0,1
623,0.1551709971562829,0.7505924929751249,0.0,0
624,0.6322288328915993,0.967473059216043,0.0,1
625,0.4212954959962414,0.05456831045371807,0.0,0
626,0.9504382176768644,0.5385085657033175,0.0,1
627,0.08248339955185013,0.594365801673199,0.0,0
628,0.31506900819858874,0.8943417028934257,0.0,0
629,0.5537797534340252,0.04894704435896574,0.0,0
630,0.9303926829853919,0.4728833973268611,0.0,1
631,0.1018351739921346,0.31450555143377795,0.0,0
632,0.15020498064180532,0.7504243746602697,0.0,0
633,0.9328715491284492,0.5986075317009585,0.0,1
634,0.836154380197129,0.17727879079014502,0.0,1
635,0.8409134958999702,0.8243541343844647,0.0,1
636,0.9579701100044484,0.5085697500900992,0.0,1
637,0.649930424725992,0.9028118345370497,0.0,1
638,0.12146272138146608,0.2671027345518994,0.0,0
639,0.8049884472957889,0.11745268672364134,0.0,1
640,0.9722062562348393,0.6578443298756562,0.0,1
641,0.2753897364694937,0.9311029289657153,0.0,0
642,0.8391776399030133,0.8628660192526483,0.0,1
643,0.0032506439139867727,0.5594398742064373,0.0,0
644,0.6086560126603409,0.9680049578127428,0.0,1
645,0.35933122746379254,0.09378918522997742,0.0,0
646,0.8315245682778489,0.8203695566711993,0.0,1
647,0.9040239843817985,0.2746020291009073,0.0,1
648,0.6401733659653039,0.9355381496000736,0.0,1
649,0.804086456790871,0.11015142863783817,0.0,1
650,0.33542715983078564,0.10651249009718328,0.0,0
651,0.9350171737744126,0.5451496948548127,0.0,1
652,0.05913704261497865,0.5799215511166522,0.0,0
653,0.5500497503177866,0.03753039906505934,0.0,0
654,0.42118077317130176,0.08366612675714974,0.0,0
655,0.24546598229704197,0.17309117849011874,0.0,0
656,0.9746246594538348,0.5659660773063695,0.0,1
657,0.502150598347594,0.03497725101551802,0.0,0
658,0.41930545530543273,0.014492272848519228,0.0,0
659,0.16234673095889285,0.8058943807794838,0.0,0
660,0.11227145417843154,0.6930113792729071,0.0,0
661,0.970497987742321,0.4352597127405488,0.0,1
662,0.05987551016305037,0.4807164505847486,0.0,0
663,0.7591446647135742,0.8745222959290788,0.0,1
664,0.9929509211711804,0.4701249332557165,0.0,1
665,0.9731415311022908,0.35041832657526545,0.0,1
666,0.13402744831948032,0.2716084139681387,0.0,0
667,0.9110028442983651,0.5463921382147499,0.0,1
668,0.7117870970811455,0.9499660431457331,0.0,1
669,0.9567505485318188,0.7077237908394447,0.0,1
670,0.13465672472822443,0.2240552530422874,0.0,0
671,0.7394444641739921,0.10941254112182691,0.0,1
672,0.050886996350464564,0.46460149930971323,0.0,0
673,0.03995606597957724,0.482104766948893,0.0,0
674,0.32154086831798523,0.9565934098351512,0.0,1
675,0.8319048558594653,0.8585581713267696,0.0,1
676,0.3789055413649871,0.08605801205113578,0.0,0
677,0.9330283248064635,0.49907649684024163,0.0,1
678,0.19711620103747673,0.15460231122658613,0.0,0
679,0.11864357927330627,0.357958864150872,0.0,0
680,0.1699765224266021,0.7891333477019284,0.0,0
681,0.9914755949350018,0.46815643644442445,0.0,1
682,0.6467149517166848,0.06451794157189145,0.0,0
683,0.033334302899246104,0.5096072492045043,0.0,0
684,0.08026018843317284,0.46063909511319096,0.0,0
685,0.7262524530087231,0.8855097036933401,0.0,1
686,0.9293478907252697,0.39602274137329124,0.0,1
687,0.7316000192922287,0.88806751674145,0.0,1
688,0.5288871666122461,0.04804441600926318,0.0,0
689,0.11774445747399453,0.3411740472646732,0.0,0
690,0.8336178261763976,0.19305471104212274,0.0,1
691,0.2478077160689045,0.1274774889825751,0.0,0
692,0.20777055557893154,0.20387886728404875,0.0,0
693,0.9588037263107989,0.592612696203475,0.0,1
694,0.03534170302220985,0.37398335057365334,0.0,0
695,0.34948757916251694,0.028186802587063797,0.0,0
696,0.33780759869053734,0.9034719600047554,0.0,1
697,0.9629315102226277,0.5908531051576877,0.0,1
698,0.04845794987696794,0.3499296651765165,0.0,0
699,0.09573644983766783,0.30879473325110923,0.0,0
700,0.9188745242987377,0.406935367843931,0.0,1
701,0.8957130162072662,0.27923602712539614,0.0,1
702,0.6479324126945651,0.05826705044576158,0.0,0
703,0.4893211995739153,0.9790011441760393,0.0,1
704,0.829952301325726,0.9085703447111322,0.0,1
705,0.8808802761741563,0.8334567730198308,0.0,1
706,0.6097020722990025,0.9263929332104008,0.0,1
707,0.9696446319151406,0.4983402982615173,0.0,1
708,0.8582115579775351,0.1811764375395924,0.0,1
709,0.13778931658155047,0.7562832539099886,0.0,0
710,0.9471062752530546,0.40746770879995436,0.0,1
711,0.5650067015767783,0.04655442524080139,0.0,0
712,0.9887847614484546,0.49093585104669196,0.0,1
713,0.933000050873839,0.26199318780615594,0.0,1
714,0.7804164503285211,0.8997692595013753,0.0,1
715,0.3479136614895353,0.08178323028468054,0.0,0
716,0.48401171233642537,0.9612085658139273,0.0,1
717,0.9091833110574725,0.8100452581507265,0.0,1
718,0.9389396666612726,0.7003943491090328,0.0,1
719,0.08913505108842856,0.27461857193888867,0.0,0
720,0.8864093970681228,0.7958955547196667,0.0,1
721,0.0900237286897636,0.41632390956149873,0.0,0
722,0.14389714946479737,0.268254818198194,0.0,0
723,0.023780036690225215,0.428158884585424,0.0,0
724,0.8596322229822493,0.265506169275111,0.0,1
725,0.54111340123421,0.06936354167260678,0.0,0
726,0.14896617360892916,0.22930289000019172,0.0,0
727,0.9269658770101026,0.6343000975904458,0.0,1
728,0.14102063458090286,0.21171349312091842,0.0,0
729,0.05094506080409422,0.5173366512522544,0.0,0
730,0.8079268631189767,0.22329587661615719,0.0,1
731,0.8971513177533661,0.7077377897862438,0.0,1
732,0.5108789275393208,0.9918612465023784,0.0,1
733,0.12548537128362502,0.8098578961147564,0.0,0
734,0.6463777481806472,0.06911210904310877,0.0,0
735,0.10580887238614478,0.6589368781112772,0.0,0
736,0.5015305781766592,0.9153339161710892,0.0,1
737,0.24341408661500075,0.16905778657979736,0.0,0
738,0.20542108732786857,0.8041196407935325,0.0,0
739,0.11188005592563233,0.6212543131087811,0.0,0
740,0.9336376099333206,0.6084615076216904,0.0,1
741,0.26263341586221256,0.8883145104519139,0.0,0
742,0.6454660180217278,0.06822704463165757,0.0,0
743,0.4887557211928262,0.9789599979224919,0.0,1
744,0.17019959493816117,0.7492785126859962,0.0,0
745,0.10810075657892892,0.34362465113322554,0.0,0
746,0.11508702984403474,0.23913404208514716,0.0,0
747,0.7731294096736081,0.1490995132354232,0.0,1
748,0.45351238926343806,0.08701364362322411,0.0,0
749,0.09064265181158326,0.4618758977807121,0.0,0
750,0.07988499402051508,0.5286796494556674,0.0,0
751,0.8852810370592583,0.7734033547121419,0.0,1
752,0.1032244517486327,0.3368230977346121,0.0,0
753,0.5238638498270203,0.9246706752280842,0.0,1
754,0.9564925820783856,0.5675038735503406,0.0,1
755,0.9605311119679609,0.6851814408122823,0.0,1
756,0.5275442970587936,0.9346197270160272,0.0,1
757,0.3714054862707046,0.058468547041720165,0.0,0
758,0.05498311616776275,0.35291813623572804,0.0,0
759,0.8560972343256632,0.8452657458002928,0.0,1
760,0.6820777811672922,0.033687815727629855,0.0,0
761,0.9609535112500016,0.5178321239746975,0.0,1
762,0.4631901065989117,0.9573243228983366,0.0,1
763,0.48170593113843574,0.027281507849404807,0.0,0
764,0.7601819450561866,0.13310317897804108,0.0,1
765,0.4088740344568438,0.9372835999967986,0.0,1
766,0.9432288158127025,0.7813296330915338,0.0,1
767,0.5313455870134944,0.9005508203885033,0.0,1
768,0.06824686099601895,0.5765845712397244,0.0,0
769,0.6721636979694932,0.09614742620683508,0.0,0
770,0.0862805993433775,0.2691436255027689,0.0,0
771,0.07265095840568736,0.3945859079630735,0.0,0
772,0.9033456162861218,0.2618145651590171,0.0,1
773,0.07937503314102656,0.584346053574486,0.0,0
774,0.994160425794578,0.32605411760709285,0.0,1
775,0.9467335830789756,0.46549667979715675,0.0,1
776,0.08254974426680817,0.32697142819029673,0.0,0
777,0.5920384775285128,0.9911255034597068,0.0,1
778,0.30108375435711876,0.1361791363555514,0.0,0
779,0.29653680458417386,0.11234460950237696,0.0,0
780,0.7528083725549304,0.9076954454257458,0.0,1
781,0.23848895318136432,0.1067742588018033,0.0,0
782,0.04388126340448517,0.5382244499348774,0.0,0
783,0.6357521560147381,0.9755595510210602,0.0,1
784,0.294860770941062,0.051613718897141336,0.0,0
785,0.9999999999999998,0.4580627022794182,0.0,1
786,0.2561260462710051,0.18262877599755895,0.0,0
787,0.03124354929618889,0.5236568633768357,0.0,0
788,0.4592271975801814,0.046775534417662745,0.0,0
789,0.024652272847057732,0.46525602551395123,0.0,0
790,0.9456635699068874,0.37645026330755244,0.0,1
791,0.521940118726739,0.925440470616737,0.0,1
792,0.907375825116769,0.7968727382380691,0.0,1
793,0.9212009330815907,0.7183222204512176,0.0,1
794,0.051919716950344696,0.5354961878323965,0.0,0
795,0.7480282027413032,0.09985802517454473,0.0,1
796,0.8117574314414957,0.15435374153011056,0.0,1
797,0.6242141981240783,0.9808055442657708,0.0,1
798,0.9283534968622111,0.29652403395408494,0.0,1
799,0.7433476792953482,0.9369649568902585,0.0,1
800,0.3014575582873995,0.09845873552550016,0.0,0
801,0.6590365710027295,0.05801568551447828,0.0,0
802,0.9387170076225859,0.6329101228349856,0.0,1
803,0.8948723218178858,0.29041820574138405,0.0,1
804,0.750578992604652,0.9174092592298779,0.0,1
805,0.7821633197674847,0.9018899225718304,0.0,1
806,0.9439521136408702,0.7369691379056955,0.0,1
807,0.04493475073962605,0.40735068398158975,0.0,0
808,0.9291821841105918,0.6393065497753223,0.0,1
809,0.7620393003427428,0.11046332251286489,0.0,1
810,0.5430392249080853,0.9395198333137953,0.0,1
811,0.16331858029443969,0.8303118659476965,0.0,0
812,0.08496008331873783,0.36291710475924727,0.0,0
813,0.10666271466325616,0.28006541273135127,0.0,0
814,0.012905496865803112,0.5155397456771804,0.0,0
815,0.9631043924082394,0.5736333994725884,0.0,1
816,0.42867841805459994,0.9683832227392182,0.0,1
817,0.4926217944265594,0.9428484407347146,0.0,1
818,0.15113254315338964,0.8016875941401653,0.0,0
819,0.8540362161503461,0.17145399589637894,0.0,1
820,0.3274975682458874,0.8952178468762202,0.0,1
821,0.7293079115342802,0.8937363421509343,0.0,1
822,0.8867015773125828,0.7163072224243476,0.0,1
823,0.06237402921303814,0.3701739159816549,0.0,0
824,0.9049513590929485,0.6752029656440486,0.0,1
825,0.1401742607620502,0.20481094717080278,0.0,0
826,0.22645651397316247,0.2045010031477527,0.0,0
827,0.8763779796101239,0.2715544705172493,0.0,1
828,0.6488918183525867,0.08079662561002593,0.0,0
829,0.8723840210527525,0.8060754644628692,0.0,1
830,0.9586402377223677,0.4455705327964686,0.0,1
831,0.07829830041484587,0.5790383282976521,0.0,0
832,0.9693056482601523,0.3483601260034172,0.0,1
833,0.49934154406154474,0.07820272543363499,0.0,0
834,0.8931829655841652,0.6689764482507476,0.0,1
835,0.08173024039792764,0.6082910388429745,0.0,0
836,0.13819668309841826,0.18512528543192236,0.0,0
837,0.48812819290477316,0.9241995935896723,0.0,1
838,0.31967280411903,0.08071413842322234,0.0,0
839,0.06864566774634562,0.309811753766798,0.0,0
840,0.4717614316964194,0.9358908822666032,0.0,1
841,0.1315283125666138,0.7743579739530897,0.0,0
842,0.9151811684985456,0.39697802708938307,0.0,1
843,0.2932411843162557,0.9261413343333531,0.0,0
844,0.9178641695160799,0.44747327955681754,0.0,1
845,0.09452230849363086,0.3640898884223955,0.0,0
846,0.32127239015516085,0.03905250171233571,0.0,0
847,0.057174285787862766,0.5398201621539078,0.0,0
848,0.41543109955214463,0.9141820001849834,0.0,1
849,0.9662659899782937,0.3020551579058986,0.0,1
850,0.9265915067655441,0.44707226011639695,0.0,1
851,0.2250081573955014,0.13504560505437985,0.0,0
852,0.9429528570475709,0.2598486025242754,0.0,1
853,0.67300927186228,0.9583525014335721,0.0,1
854,0.5668816076694496,0.9284244179036454,0.0,1
855,0.6652529320128577,0.924271124077616,0.0,1
856,0.07297135549304135,0.6480927884845653,0.0,0
857,0.6574236523583328,0.9097606055720724,0.0,1
858,0.6977317607901148,0.10834800706581532,0.0,1
859,0.0628865232253959,0.6816322239780657,0.0,0
860,0.9541299821453697,0.3718532488961314,0.0,1
861,0.33273285556279086,0.08991772181375929,0.0,0
862,0.10048220138670882,0.3311210658574207,0.0,0
863,0.9569894967983277,0.38071074422710377,0.0,1
864,0.4305139042872297,0.0,0.0,0
865,0.31779139680052104,0.8879911792989288,0.0,0
866,0.7753332153307286,0.8882672664786793,0.0,1
867,0.4380347219507479,0.05637580234502165,0.0,0
868,0.44816641452888417,0.05180959574531713,0.0,0
869,0.38790519972024207,0.9441521947151441,0.0,1
870,0.7484288835917055,0.8788428278601441,0.0,1
871,0.20584664088726523,0.10530637273794402,0.0,0
872,0.9458736770195959,0.43320234916319406,0.0,1
873,0.9035744383323803,0.7492119231673036,0.0,1
874,0.6917334473727514,0.05407485828317665,0.0,0
875,0.21006975521489313,0.8472734893135652,0.0,0
876,0.7669654711867164,0.8677368627252189,0.0,1
877,0.3937558204646352,0.03613815073054644,0.0,0
878,0.06818601673528923,0.44839440741253894,0.0,0
879,0.631806895233268,0.05498346847865926,0.0,0
880,0.19946913262139043,0.8352452505491914,0.0,0
881,0.9004728634298627,0.7283038631581724,0.0,1
882,0.6087584726030042,0.0401784980865631,0.0,0
883,0.6761863272755824,0.9079674941698095,0.0,1
884,0.09263788504667936,0.6465055535388351,0.0,0
885,0.9379163302279758,0.4304342647866121,0.0,1
886,0.7227631316654504,0.8368161438334689,0.0,1
887,0.9115265550175622,0.31727614579008084,0.0,1
888,0.6849460854541654,0.9146743819941627,0.0,1
889,0.9886136124616451,0.4959821897464545,0.0,1
890,0.20768706930159753,0.17492250281778493,0.0,0
891,0.057088896452865745,0.4935809754344794,0.0,0
892,0.06205751700127804,0.2689260170691726,0.0,0
893,0.7563846966937382,0.8600168717262462,0.0,1
894,0.82484876917638,0.8214699368702671,0.0,1
895,0.20413853469816257,0.23682477187385403,0.0,0
896,0.07227701059455027,0.44202572807860724,0.0,0
897,0.9502417564018157,0.3481577345544025,0.0,1
898,0.7025875537568778,0.9160094239184526,0.0,1
899,0.14500761182706712,0.727171994314231,0.0,0
900,0.05698863947431265,0.5724668036250173,0.0,0
901,0.05580554929153703,0.455042537532991,0.0,0
902,0.4518320580821178,0.06134069987350982,0.0,0
903,0.1188825849348698,0.24805093926675298,0.0,0
904,0.8364382094429541,0.8237423438519926,0.0,1
905,0.8801114016354212,0.7459076251479257,0.0,1
906,0.19549258466512698,0.163899229218675,0.0,0
907,0.5833326106151324,0.9060385915771585,0.0,1
908,0.8722835289753945,0.19640818817488587,0.0,1
909,0.6573027412667487,0.915600846980535,0.0,1
910,0.5684914019968796,0.9429303902611668,0.0,1
911,0.08546844774178464,0.4917775612827731,0.0,0
912,0.10151335722829558,0.4082787669997005,0.0,0
913,0.09946617357891885,0.24097369266951746,0.0,0
914,0.8795661925119103,0.7537798553691366,0.0,1
915,0.8325588890429818,0.820522914131101,0.0,1
916,0.9547231767130293,0.42744640960672814,0.0,1
917,0.1420364445405966,0.27241625134767716,0.0,0
918,0.1296853306143515,0.7691443060644116,0.0,0
919,0.4829534668715523,0.9726508753084775,0.0,1
920,0.9761105278365314,0.5267279103973059,0.0,1
921,0.2053913638649454,0.13146444172107902,0.0,0
922,0.0460727631120732,0.3959390343055848,0.0,0
923,0.945687644862107,0.597392706971706,0.0,1
924,0.4080965814476345,0.03444333822124551,0.0,0
925,0.06710302108753163,0.6680664049393612,0.0,0
926,0.12019613499989035,0.7730405540620744,0.0,0
927,0.8200272926449652,0.18294400473793876,0.0,1
928,0.19194377962967146,0.8736468406068254,0.0,0
929,0.11078283268847033,0.3762709556068948,0.0,0
930,0.05473227672694159,0.28877695681079746,0.0,0
931,0.8363860059601989,0.836480782035111,0.0,1
932,0.25516586731881485,0.1030421958743572,0.0,0
933,0.5768886291133453,0.08805412330121526,0.0,0
934,0.9240504050155713,0.31736833837270945,0.0,1
935,0.9248243338655919,0.5891150317166136,0.0,1
936,0.9282248971140008,0.41657247343672815,0.0,1
937,0.14980181147898852,0.8320423596492552,0.0,0
938,0.762787731834992,0.920955834439831,0.0,1
939,0.30899049576755955,0.9504101821954141,0.0,1
940,0.2622950155836703,0.8626983576758607,0.0,0
941,0.917472984960501,0.5180118762569843,0.0,1
942,0.4071855976046008,0.9716493222240692,0.0,1
943,0.09012660589469168,0.31407681313035435,0.0,0
944,0.3526593035891581,0.053784958348443934,0.0,0
945,0.19718222892776316,0.8283872455287857,0.0,0
946,0.16556720696900773,0.841956379301612,0.0,0
947,0.3379050660141223,0.0785400796638433,0.0,0
948,0.5114081769161447,0.9158964656764634,0.0,1
949,0.1407434763539972,0.7455607346062172,0.0,0
950,0.9079235350461754,0.2672354318973145,0.0,1
951,0.385844229103133,0.9462786027781469,0.0,1
952,0.952223768485996,0.44630659434006154,0.0,1
953,0.6724864783194957,0.9615006599159399,0.0,1
954,0.1613172805655021,0.795217919757299,0.0,0
955,0.9311884122580938,0.4797753214293892,0.0,1
956,0.17240762341937566,0.8142402256515175,0.0,0
957,0.918086383738492,0.6392577603859035,0.0,1
958,0.8959084249327092,0.21919535411390428,0.0,1
959,0.9234784143469124,0.5942258408821384,0.0,1
960,0.2535667516834743,0.08253619549341779,0.0,0
961,0.004899340256538487,0.4711858076564212,0.0,0
962,0.07644413205359335,0.640453160645204,0.0,0
963,0.0609485243827248,0.3989750264654242,0.0,0
964,0.09646549016012407,0.38624635645757915,0.0,0
965,0.8945469403184123,0.32911041745865693,0.0,1
966,0.4587413973551804,0.055769688836217524,0.0,0
967,0.8732259397568034,0.22897113919209594,0.0,1
968,0.4823535755503936,0.0007424850166140029,0.0,0
969,0.9478174946251208,0.34323719282010595,0.0,1
970,0.6989131604501007,0.9639483354902985,0.0,1
971,0.5943517132484188,0.965097338422835,0.0,1
972,0.210481058651397,0.8204942370966486,0.0,0
973,0.9176471121397756,0.3259371613940946,0.0,1
974,0.6047499222454245,0.9664421474150062,0.0,1
975,0.6454980096555023,0.02960524957179872,0.0,0
976,0.6879793679458022,0.9602900154988918,0.0,1
977,0.15131582300576252,0.8461547476215863,0.0,0
978,0.701378281445751,0.9165832038539785,0.0,1
979,0.6705115242492856,0.0709850672503945,0.0,0
980,0.39823213108432687,0.020669745202512912,0.0,0
981,0.934667254304111,0.5529973643186135,0.0,1
982,0.014052948037277968,0.6365436624009482,0.0,0
983,0.9552784728764456,0.3175268218889156,0.0,1
984,0.08098992968268415,0.43784312988508783,0.0,0
985,0.8898595505624209,0.7432187701422532,0.0,1
986,0.5447872884171199,0.0475086130311872,0.0,0
987,0.9798366061735628,0.3700458137256661,0.0,1
988,0.18922550643673253,0.2056133185490066,0.0,0
989,0.07154385184040835,0.5494527527912352,0.0,0
990,0.6440039128206436,0.0864185580128321,0.0,0
991,0.1436912094304763,0.7797293378281631,0.0,0
992,0.9506203220045186,0.5465137654468133,0.0,1
993,0.9222156389644816,0.570793639927625,0.0,1
994,0.743743314903156,0.8222410615496178,0.0,1
995,0.9269210384648925,0.5000862615184776,0.0,1
996,0.8629299304258164,0.7807452077029271,0.0,1
997,0.9170686434925701,0.5695219412870116,0.0,1
998,0.6807134259984129,0.09084126765653161,0.0,0
999,0.9169412112137774,0.2736407433025761,0.0,1
1000,0.9184071557914286,0.701193063627541,0.0,1
1001,0.07781268898379934,0.29220636032743735,0.0,0
1002,0.1644533294345063,0.14862590165899464,0.0,0
1003,0.6502074850402659,0.04824896498153203,0.0,0
1004,0.8333104472219399,0.8261977324079666,0.0,1
1005,0.6377928088289044,0.020094725770298527,0.0,0
1006,0.89246383575094,0.6158003241049135,0.0,1
1007,0.9255775554172223,0.5018198775283409,0.0,1
1008,0.9672250801586431,0.5979612773815215,0.0,1
1009,0.09216257106655834,0.6865133125737939,0.0,0
1010,0.9599517001359745,0.47569054570802877,0.0,1
1011,0.9201534872005463,0.49124286196251593,0.0,1
1012,0.9840241449989657,0.35101008539003337,0.0,1
1013,0.18054783773477334,0.21575483133989332,0.0,0
1014,0.9889463425460672,0.5059043554225102,0.0,1
1015,0.10497602559715324,0.46780592049176245,0.0,0
1016,0.88434435565983,0.17639219857495952,0.0,1
1017,0.7294653541598162,0.8709898791181945,0.0,1
1018,0.2058119614059648,0.14178306669962942,0.0,0
1019,0.3621937011489953,0.09934104711590158,0.0,0
1020,0.7731286183308432,0.7919122841280835,0.0,1
1021,0.8051271148083086,0.7842056597079079,0.0,1
1022,0.7876588020285797,0.1159138070585573,0.0,1
1023,0.9169905938186915,0.48346040371638216,0.0,1
1024,0.32617845178645055,0.09237852588534207,0.0,0
1025,0.6310579866327524,0.9290817815878247,0.0,1
1026,0.45929300014396723,0.9837220757836376,0.0,1
1027,0.06770569872094945,0.5210206437666143,0.0,0
1028,0.5435562704389667,1.0,0.0,1
1029,0.564406116133525,0.02660105063409618,0.0,0
1030,0.20969476174030355,0.1682191216670345,0.0,0
1031,0.7852892515771339,0.11472726435125008,0.0,1
1032,0.7930938173192998,0.8085702113120246,0.0,1
1033,0.9177524092839879,0.6891850702252811,0.0,1
1034,0.5933318422353111,0.9530866248775725,0.0,1
1035,0.7343588958842888,0.10515709778651744,0.0,1
1036,0.45023624468395074,0.013676743235453759,0.0,0
1037,0.3200075923994763,0.9270967435577144,0.0,1
1038,0.5918619479984519,0.0777742260171817,0.0,0
1039,0.23085885972868625,0.15544202906385846,0.0,0
1040,0.21584445301962574,0.1157119276136021,0.0,0
1041,0.16560099691686636,0.7573793652578551,0.0,0
1042,0.08317928503305794,0.43178356455466266,0.0,0
1043,0.7828959838593783,0.7855438045970349,0.0,1
1044,0.3516940380938187,0.047953071934432934,0.0,0
1045,0.07553824339422444,0.36203127771223725,0.0,0
1046,0.8916203968437888,0.6392534394358429,0.0,1
1047,0.930026780273445,0.3474769909985324,0.0,1
1048,0.918449682008678,0.2814349348880398,0.0,1
1049,0.8459018700866401,0.22138859586537057,0.0,1
1050,0.2602526560459877,0.11349068357205067,0.0,0
1051,0.8444734463110326,0.1973473697728126,0.0,1
1052,0.07000058696696776,0.4667438540834448,0.0,0
1053,0.3524097514470341,0.07953647195976049,0.0,0
1054,0.5681379236906956,0.016934464855390963,0.0,0
1055,0.8615077253477745,0.7769764949781266,0.0,1
